{
  "version": "3.0",
  "defaultProvider": "cdnjs",
  "libraries": [
    {
      "library": "twitter-bootstrap@5.3.2",
      "destination": "wwwroot/Libary/bootstrap"
    },
    {
      "library": "jquery@3.7.1",
      "destination": "wwwroot/Libary/jquery"
    },
    {
      "library": "jquery-validate@1.20.0",
      "destination": "wwwroot/Libary/validation"
    },
    {
      "library": "jquery-validation-unobtrusive@4.0.0",
      "destination": "wwwroot/Libary/validation-unobtrusive"
    },
    {
      "library": "font-awesome@4.7.0",
      "destination": "wwwroot/Libary/font-awesome"
    }
  ]
}
